Unnamed: 0,links
,https://nl.linkedin.com/in/masoom-hamdard-0861291b
,https://nl.linkedin.com/in/john-langerak-09194a68
,https://nl.linkedin.com/in/nielsterpstra
,https://nl.linkedin.com/in/rodrigomenaf
,https://nl.linkedin.com/in/haqmal-daudzai-ph-d-943838220/en
,https://nl.linkedin.com/in/sunil-ishairzay-04473495/de
,https://nl.linkedin.com/in/zahra-sultany
,https://nl.linkedin.com/in/michael-c-leach-00848899
,https://nl.linkedin.com/in/lailazwaini
,https://nl.linkedin.com/in/suzannetossings
,https://nl.linkedin.com/in/nawidahmadyar/nl
,https://nl.linkedin.com/in/qudratullah-haidarzai-353939162
,https://nl.linkedin.com/in/hamidnasiri/en
,https://nl.linkedin.com/in/samantha-r-asbury
,https://nl.linkedin.com/in/varunhiramakhanna
,https://nl.linkedin.com/in/valeriamarchiondelli
,https://nl.linkedin.com/in/nadine-naumann-aaa94121b
,https://nl.linkedin.com/in/sabrinajammy
,https://nl.linkedin.com/in/gerben-5726831a
,https://nl.linkedin.com/in/aukewesterterp
,https://nl.linkedin.com/in/khayal-trivedi-8833b943
,https://nl.linkedin.com/in/faisalfarjaad
,https://nl.linkedin.com/in/mik-elizabeth-dijkman-70955a229
,https://nl.linkedin.com/in/fairuzah-atchulo-03138a199
,https://nl.linkedin.com/in/diana-coman-0389ba183
,https://nl.linkedin.com/in/martijn-vink-ba5b3a17
,https://nl.linkedin.com/in/fanny-verwoerdt-7b27a113
,https://nl.linkedin.com/in/anneleen-hulshof-12b0629b
,https://nl.linkedin.com/in/dave-van-zoonen-07440412
,https://nl.linkedin.com/in/james-a-white
,https://nl.linkedin.com/in/tran-vu-tuong-nguyen-199973119
,https://nl.linkedin.com/in/jocelintjandra
,https://nl.linkedin.com/in/bernard-bercik-pmp-cf-apmp-j-d-98715111
,https://nl.linkedin.com/in/chukwudi-okonkwo-baa0a34b
,https://nl.linkedin.com/in/martijn-van-der-vorm-46051716
,https://nl.linkedin.com/in/jairvanderlijn
,https://nl.linkedin.com/in/nawid-popal-03611317
,https://nl.linkedin.com/in/olivier-dutilleux-4308761b2
,https://nl.linkedin.com/in/liz-marquart-scholtz-b9abaa28
,https://nl.linkedin.com/in/yama-nasiri-78680585
,https://nl.linkedin.com/in/julia-wijnmaalen
,https://nl.linkedin.com/in/ivanrenesoejatmiko
,https://nl.linkedin.com/in/catherine-l-disdier-8405b850
,https://nl.linkedin.com/in/queenyinaldo
,https://nl.linkedin.com/in/pallavi-ananda-979964a5
,https://nl.linkedin.com/in/elodie-hiryczuk
,https://nl.linkedin.com/in/jonahmcintire
,https://nl.linkedin.com/in/mya-thway-6a346b3a
,https://nl.linkedin.com/in/joris-van-heijningen-96444359
,https://nl.linkedin.com/in/princhitanmpahlawan24
,https://nl.linkedin.com/in/loetv
,https://nl.linkedin.com/in/sanderd3
,https://nl.linkedin.com/in/janinevandiggelen
,https://nl.linkedin.com/in/tanjatyoder
,https://nl.linkedin.com/in/julie-cichon
,https://nl.linkedin.com/in/carolien-kleijer-4a89779
,https://nl.linkedin.com/in/jonida-albrahimi-6947771a7
,https://nl.linkedin.com/in/endrit-hoxha
,https://nl.linkedin.com/in/vanesa-thimjo-6874761b6
,https://nl.linkedin.com/in/dr-arla-gruda-74621448
,https://nl.linkedin.com/in/herman-sonneveld-7864208
,https://nl.linkedin.com/in/megan-duffy-08
,https://nl.linkedin.com/in/alda-shabanaj-56678b28
,https://nl.linkedin.com/in/besmira-dyca-40a55760
,https://nl.linkedin.com/in/charlotte-tiberghien-793a78203/fr?trk=public_profile_locale-url
,https://nl.linkedin.com/in/giorgiobutini
,https://nl.linkedin.com/in/mishela-gjyli
,https://nl.linkedin.com/in/merah-987063150
,https://nl.linkedin.com/in/andipapa1988
,https://nl.linkedin.com/in/flavia-xhafo-15a4382a
,https://nl.linkedin.com/in/johan-p-buwalda
,https://nl.linkedin.com/in/eni-kokomani
,https://nl.linkedin.com/in/michelleheuer
,https://nl.linkedin.com/in/theo-henckens-3520ba35
,https://nl.linkedin.com/in/martine-wijnstra
,https://nl.linkedin.com/in/fh1988
,https://nl.linkedin.com/in/pavlos-lontorfos-05989a15b
,https://nl.linkedin.com/in/jroodnat
,https://nl.linkedin.com/in/juliette-naar/en
,https://nl.linkedin.com/in/ridiona-stana-73324517
,https://nl.linkedin.com/in/uday-mathur-a4ab97168
,https://nl.linkedin.com/in/ton-kwaak-3697251a
,https://nl.linkedin.com/in/rodrigo-moreno-a3168a19b/es?trk=people-guest_people_search-card
,https://nl.linkedin.com/in/eges-qejvanaj
,https://nl.linkedin.com/in/aldo-likafi-aldolikafi-guitar-046756198
,https://nl.linkedin.com/in/hanne-zimmermann-85a9896a
,https://nl.linkedin.com/in/christophe-manier-9852931b
,https://nl.linkedin.com/in/etleva-metaj-a20707146
,https://nl.linkedin.com/in/sabinevanderlaken
,https://nl.linkedin.com/in/florence-d-21283874/es
,https://nl.linkedin.com/in/fatosvladi
,https://nl.linkedin.com/in/tamerzourob97
,https://nl.linkedin.com/in/imenda-dishnica-042506a4
,https://nl.linkedin.com/in/bora-gazidede
,https://nl.linkedin.com/in/juliette-naar
,https://nl.linkedin.com/in/suzanne-renssen
,https://nl.linkedin.com/in/stas-witkowska
,https://nl.linkedin.com/in/stephanie-kohlinger
,https://nl.linkedin.com/in/vassilis-dimoiliopoulos-51a62550
,https://nl.linkedin.com/in/herman-von-hebel-b56b5b140
,https://nl.linkedin.com/in/fabjola-elezi
,https://nl.linkedin.com/in/maarten-van-t-noordende-2023a514a/en
,https://nl.linkedin.com/in/andre-nijsen-aa00a519
,https://nl.linkedin.com/in/hilde-pijnenburg-07a9a62a
,https://nl.linkedin.com/in/marijnvangrunsven
,https://nl.linkedin.com/in/melvin-bico-53586756
,https://nl.linkedin.com/in/ellen-van-puffelen
,https://nl.linkedin.com/in/violeta-naydenova-96336973
,https://nl.linkedin.com/in/irmaspecht
,https://nl.linkedin.com/in/marianne-van-unen-b3a203ab
,https://nl.linkedin.com/in/gillesgoedhart
,https://nl.linkedin.com/in/sophiedoove
,https://nl.linkedin.com/in/marjet-kamperman-40307261
,https://nl.linkedin.com/in/adrian-martinaj-66655774
,https://nl.linkedin.com/in/floris-hamann-53ab4a136/en
,https://nl.linkedin.com/in/daisyaponvaessen
,https://nl.linkedin.com/in/mats-kolmas-849531172
,https://nl.linkedin.com/in/jjvinck
,https://nl.linkedin.com/in/liudmila-zakrevskaja-b616771
,https://nl.linkedin.com/in/anila-peri
,https://nl.linkedin.com/in/rejda-vojka-158b2779
,https://nl.linkedin.com/in/krista-kruft-07483520
,https://nl.linkedin.com/in/christie-miedema-7a528014
,https://nl.linkedin.com/in/hassa94
,https://nl.linkedin.com/in/kamalkishoremba22
,https://nl.linkedin.com/in/christiaanvis
,https://nl.linkedin.com/in/shuisman-koudenburg
,https://nl.linkedin.com/in/evelien-van-den-brekel-238274159
,https://nl.linkedin.com/in/theo-noten-9b64413
,https://nl.linkedin.com/in/quentin-vander-cam-3723a712b
,https://nl.linkedin.com/in/thom-weustink-27a77948
,https://nl.linkedin.com/in/joop-arends-aa56348
,https://nl.linkedin.com/in/ben-presse-b78082152
,https://nl.linkedin.com/in/lucas-jurry-8578a91b6
,https://nl.linkedin.com/in/livia-o-neill-323892133
,https://nl.linkedin.com/in/stencamps
,https://nl.linkedin.com/in/kees-stiggelbout-90b91931
,https://nl.linkedin.com/in/maarten-van-t-noordende-2023a514a
,https://nl.linkedin.com/in/eva-smets-mba-1268b427
,https://nl.linkedin.com/in/lieke-jansen-993b53253?trk=public_profile_browsemap
,https://nl.linkedin.com/in/maties-van-voorthuizen
,https://nl.linkedin.com/in/mareille-konijn-mshe-3aa8536
,https://nl.linkedin.com/in/eramerlika
,https://nl.linkedin.com/in/jerphaasdonner/nl
,https://nl.linkedin.com/in/riccardo-van-gerrevink-351483204
,https://nl.linkedin.com/in/maddy-van-maanen-a228071b
,https://nl.linkedin.com/in/barthcompanjen
,https://nl.linkedin.com/in/floris-hamann-53ab4a136
,https://nl.linkedin.com/in/angeliki-karayianni-8128588
,https://nl.linkedin.com/in/jurgvandervlies
,https://nl.linkedin.com/in/joop-douma
,https://nl.linkedin.com/in/fabio-hoxha-0b9baa13b
,https://nl.linkedin.com/in/kevin-kostreci-997454116
,https://nl.linkedin.com/in/amanda-krijgsman/en
,https://nl.linkedin.com/in/judith-visser-66191812
,https://nl.linkedin.com/in/jolanda-van-hal-natural-ingredients-expert
,https://nl.linkedin.com/in/marsjan-bejko-acca-460814151
,https://nl.linkedin.com/in/emiltion-gjata-412100204
,https://nl.linkedin.com/in/ava-jaupllari-802451198
,https://nl.linkedin.com/in/saskia-bottenberg
,https://nl.linkedin.com/in/hasan-turk-4921a238
,https://nl.linkedin.com/in/merlijn-meeus-26512842
,https://nl.linkedin.com/in/anisaxhitoni
,https://nl.linkedin.com/in/seangoosen-ips
,https://nl.linkedin.com/in/aurel-qirjazi-3921081bb
,https://nl.linkedin.com/in/fokke-kooistra-6611b16
,https://nl.linkedin.com/in/fbarsan
,https://nl.linkedin.com/in/lauri-kee-schep-399363174
,https://nl.linkedin.com/in/ingeborg-heemskerk-0012b1124
,https://nl.linkedin.com/in/henridekker/en
,https://nl.linkedin.com/in/ben-pronk-4a025021
,https://nl.linkedin.com/in/nina-c-10a06828/cs?trk=people-guest_people_search-card
,https://nl.linkedin.com/in/roberta-bosu
,https://nl.linkedin.com/in/maneldrareni
,https://nl.linkedin.com/in/cananmarasligil
,https://nl.linkedin.com/in/farzad-fouladi-9b882a37
,https://nl.linkedin.com/in/maneldrareni/es?trk=public_profile_locale-url
,https://nl.linkedin.com/in/nouria-ouibrahim-mba
,https://nl.linkedin.com/in/anne-van-der-heijden-3b271291
,https://nl.linkedin.com/in/omar-achfay/en?trk=public_profile_locale-url
,https://nl.linkedin.com/in/igorzhuravlev/ru
,https://nl.linkedin.com/in/maria-rodrigues-808485b
,https://nl.linkedin.com/in/caroline-zwaenepoel-28b0a528
,https://nl.linkedin.com/in/joop-cornelissen-baa30914
,https://nl.linkedin.com/in/mathijs-cazemier-347053224
,https://nl.linkedin.com/in/brocksampson/nl
,https://nl.linkedin.com/in/reinoud-botman
,https://nl.linkedin.com/in/fedde-jan-groot-b5235967
,https://nl.linkedin.com/in/kimberlynn-chaves
,https://nl.linkedin.com/in/karinarinaldidoligez
,https://nl.linkedin.com/in/omar-achfay
,https://nl.linkedin.com/in/amalia-bellido-51220a32
,https://nl.linkedin.com/in/ton-van-der-lee-603ab84
,https://nl.linkedin.com/in/antonio-martin-pascual-24b53939
,https://nl.linkedin.com/in/igorzhuravlev
,https://nl.linkedin.com/in/douniakchiere
,https://nl.linkedin.com/in/barbara-varassi-pega-b6249627
,https://nl.linkedin.com/in/michelle-hu-61054319
,https://nl.linkedin.com/in/bert-de-wilde-12515642
,https://nl.linkedin.com/in/souad-akdad-19681624
,https://nl.linkedin.com/in/michielbeker
,https://nl.linkedin.com/in/jilldebruijn
,https://nl.linkedin.com/in/selim-sorgun
,https://nl.linkedin.com/in/raja-allab-bailiche-b7a09a33
,https://nl.linkedin.com/in/emrelaleli
,https://nl.linkedin.com/in/mark-gunther-innovation
,https://nl.linkedin.com/in/robin-de-krijger-866b30
,https://nl.linkedin.com/in/dylan-bastiaans-97b49584
,https://nl.linkedin.com/in/bart-deelen-8381777
,https://nl.linkedin.com/in/mich-fesenmeier-b5500b18a
,https://nl.linkedin.com/in/anna-lena-hoh-a8a47738
,https://nl.linkedin.com/in/gerhard-slaman-a996569
,https://nl.linkedin.com/in/ewa-wietsma-30485815
,https://nl.linkedin.com/in/abder-benzina-08a79317
,https://nl.linkedin.com/in/anthonyofilinwosisi
,https://nl.linkedin.com/in/paulxbyrne
,https://nl.linkedin.com/in/koshigan-medard-0158504b
,https://nl.linkedin.com/in/walid-lamouri-7bba52141
,https://nl.linkedin.com/in/sandermerkus
,https://nl.linkedin.com/in/tiziana-mirabello-3233054
,https://nl.linkedin.com/in/dr-ross-vandiar-ra-aus-84a34325
,https://nl.linkedin.com/in/alexandra-van-der-schaar
,https://nl.linkedin.com/in/vishal-goury-b116841a8
,https://nl.linkedin.com/in/jpgeelhoed
,https://nl.linkedin.com/in/can-duatepe-7ba5b64
,https://nl.linkedin.com/in/robert-tump-73280a97
,https://nl.linkedin.com/in/petervanderleest
,https://nl.linkedin.com/in/e-m-zhu
,https://nl.linkedin.com/in/basvanhoeve
,https://nl.linkedin.com/in/mihai-vlad-serbanescu-015b0b155
,https://nl.linkedin.com/in/frederik-van-ewijk-cma-9aa61022
,https://nl.linkedin.com/in/yunyu-huang-phd-3570a967?trk=organization_guest_main-feed-card-text
,https://nl.linkedin.com/in/yongyi-wei-508699119
,https://nl.linkedin.com/in/katrin-heucher
,https://nl.linkedin.com/in/zimo-wang-717057250
,https://nl.linkedin.com/in/javarias
,https://nl.linkedin.com/in/fi-helenwang
,https://nl.linkedin.com/in/alexanderwerre
,https://nl.linkedin.com/in/gerbenalgra
,https://nl.linkedin.com/in/olacola
,https://nl.linkedin.com/in/mgomez-sourcing
,https://nl.linkedin.com/in/toine-cleophas-51b8121
,https://nl.linkedin.com/in/danielle-walsh-1416414
,https://nl.linkedin.com/in/benedikt-riess-764558140
,https://nl.linkedin.com/in/bram-ewals-27b43a16
,https://nl.linkedin.com/in/rijnaard
,https://nl.linkedin.com/in/pjmdewit
,https://nl.linkedin.com/in/frans-van-ras-7a06777
,https://nl.linkedin.com/in/martinscheepjens
,https://nl.linkedin.com/in/mariushendriksen
,https://nl.linkedin.com/in/denisechan87
,https://nl.linkedin.com/in/viktoriya-tonkachova-88795556
,https://nl.linkedin.com/in/britt-snijders-b49ba1b4
,https://nl.linkedin.com/in/aerbasicsjobs-ltd-jan-van-swinderen-65a0a01a
,https://nl.linkedin.com/in/paolo-cefis-506900b4
,https://nl.linkedin.com/in/charlotte-pitsch-15126428
,https://nl.linkedin.com/in/hidde-sloots
,https://nl.linkedin.com/in/koentenholter
,https://nl.linkedin.com/in/remi-oerlemans-5730676
,https://nl.linkedin.com/in/lisette-heemskerk-91570943
