<<<<<<< HEAD,links
links,
,https://nl.linkedin.com/in/matthew-james812
,https://nl.linkedin.com/in/justin-freeman-5a130856
,https://nl.linkedin.com/in/rreyesbaez/en
,https://nl.linkedin.com/in/sofya-khlebnikova
,https://nl.linkedin.com/in/shuhui-haley-jiang
,https://nl.linkedin.com/in/jeremy-edwards-15541980
,https://nl.linkedin.com/in/peterhepburn
,https://nl.linkedin.com/in/yue-shu-60860214b
,https://nl.linkedin.com/in/seanmenzies
,https://nl.linkedin.com/in/stanislav-milkov-1725a5141
,https://nl.linkedin.com/in/milamochel/en
,https://nl.linkedin.com/in/felixlague
,https://nl.linkedin.com/in/eric-whitefield
,https://nl.linkedin.com/in/katrina-brown-98a27718
,https://nl.linkedin.com/in/cboomsma
,https://nl.linkedin.com/in/laurawallossek/de
,https://nl.linkedin.com/in/nancy-de-roest-b0a38ba0
,https://nl.linkedin.com/in/john-paris-47712418
,https://nl.linkedin.com/in/matty-van-der-heijden-0074b044
,https://nl.linkedin.com/in/patricia-collette-a531935
,https://nl.linkedin.com/in/vadims-aleksejevs-9b445023
,https://nl.linkedin.com/in/jaapvdspek
,https://nl.linkedin.com/in/davidromanb
,https://nl.linkedin.com/in/rikheinen
,https://nl.linkedin.com/in/sannasandberg/en
,https://nl.linkedin.com/in/steven-beltman-9b7014100
,https://nl.linkedin.com/in/jeroen-bechtold-82148a195
,https://nl.linkedin.com/in/nikola-slavchev-a70a3a233
,https://nl.linkedin.com/in/dilyana-mamritsova-35b28a9b
,https://nl.linkedin.com/in/kaloyan-kanev-18b202206
,https://nl.linkedin.com/in/maurits-dijkman-7a743a1b7/en
,https://nl.linkedin.com/in/casandra-stoyanova-9342282
,https://nl.linkedin.com/in/grigoriy-nikolov-b46916255
,https://nl.linkedin.com/in/i-ridkokasha
,https://nl.linkedin.com/in/mitko-hristov-64a544214
,https://nl.linkedin.com/in/roy-beeby
,https://nl.linkedin.com/in/willem-epping-88b8026
,https://nl.linkedin.com/in/frank-de-lange-radboudumc
,https://nl.linkedin.com/in/riniverbruggen
,https://nl.linkedin.com/in/eattrache/ru
,https://nl.linkedin.com/in/kazi-injamamul-haque-360/it
,https://nl.linkedin.com/in/stephen-carmody
,https://nl.linkedin.com/in/michaelbermeo
,https://nl.linkedin.com/in/mari-berglund-3b0058a
,https://nl.linkedin.com/in/samhafkenscheid
,https://nl.linkedin.com/in/miesvdbiggelaar/en
,https://nl.linkedin.com/in/rohit-kapote-5b7929128
,https://nl.linkedin.com/in/alex-kapitonenko-1aa6865
,https://nl.linkedin.com/in/gpemvandenhove
,https://nl.linkedin.com/in/guido-verstraeten-bb1a389
,https://nl.linkedin.com/in/petteri-vainikka
,https://nl.linkedin.com/in/kol-ap-2950431b3
,https://nl.linkedin.com/in/karel-van-meijl-24aab9
,https://nl.linkedin.com/in/zorry-belcheva-7109a1153
,https://nl.linkedin.com/in/fatme-ali
,https://nl.linkedin.com/in/viktoria-mileva-614421199
,https://nl.linkedin.com/in/andr%C3%A9s-ar%C3%A1mburo-398803235
,https://nl.linkedin.com/in/chhristov
,https://nl.linkedin.com/in/sanhit-mehta-927b41170
,https://nl.linkedin.com/in/arvindvyas
,https://nl.linkedin.com/in/ronald-stoute-191a7337
,https://nl.linkedin.com/in/akshaykothari93
,https://nl.linkedin.com/in/purnima-yadav-6159b7257
,https://nl.linkedin.com/in/daniel-emmery-673003103
,https://nl.linkedin.com/in/aman-singhvi
,https://nl.linkedin.com/in/piet-de-beijer-2a7714203
,https://nl.linkedin.com/in/bence-rizner-b99b80138
,https://nl.linkedin.com/in/cody-buye-48b919175
,https://nl.linkedin.com/in/akbar-diushembiev
,https://nl.linkedin.com/in/jermaine-ramlakhan-7b632a44
,https://nl.linkedin.com/in/cosmin-ghiauru-9a9620206
,https://nl.linkedin.com/in/denitsa-draganova-b92ba1174
,https://nl.linkedin.com/in/wong-lee-2964b3196
,https://nl.linkedin.com/in/viktor-stanchev-13b391a9
,https://nl.linkedin.com/in/emma-vdw
,https://nl.linkedin.com/in/kameliya-stoyanova-090230225
,https://nl.linkedin.com/in/izabel-todorova-81a5b5173
,https://nl.linkedin.com/in/konstantinos-gkeros-caia-87258210a
,https://nl.linkedin.com/in/erikvanderstaaij/nl
,https://nl.linkedin.com/in/pramod-nandy-3946387
,https://nl.linkedin.com/in/nine-de-groot-760a7a110/en
,https://nl.linkedin.com/in/antonio-astorino
,https://nl.linkedin.com/in/johannesvanstaveren
,https://nl.linkedin.com/in/ronajak/en
,https://nl.linkedin.com/in/peter-mooi-b4b15417
,https://nl.linkedin.com/in/metoussaint
,https://nl.linkedin.com/in/arthurmanders
,https://nl.linkedin.com/in/roel-van-geijn
,https://nl.linkedin.com/in/hannah-r-verbeek-4b904bb0
,https://nl.linkedin.com/in/hanna-litendahl-n%C3%A9e-kontturi-573a63ab
,https://nl.linkedin.com/in/willemwestra
,https://nl.linkedin.com/in/stanislav-stoyanov-1b871b201
,https://nl.linkedin.com/in/evgeniyahelder
,https://nl.linkedin.com/in/giovanni-lin-2b6141209
,https://nl.linkedin.com/in/desmon-walsh-a1ab19105
,https://nl.linkedin.com/in/tsvetomira-tsoneva-76227911
,https://nl.linkedin.com/in/kelly-mckee
,https://nl.linkedin.com/in/tahsin-faraz
,https://nl.linkedin.com/in/anchal-saxena-8624b91ab
,https://nl.linkedin.com/in/anantha-sai-hariharan-vinjarapu
,https://nl.linkedin.com/in/msaifuddin1
,https://nl.linkedin.com/in/nkp1997
,https://nl.linkedin.com/in/josephine-p-sassen-871ab84
,https://nl.linkedin.com/in/srikant-panigrahi-a1937716
,https://nl.linkedin.com/in/erick-van-der-hek-25a069238
,https://nl.linkedin.com/in/sadhana-pradhan-64488ab
,https://nl.linkedin.com/in/manjunath-reddy-41308569
,https://nl.linkedin.com/in/manukalia466592
,https://nl.linkedin.com/in/pyry-eskelinen
,https://nl.linkedin.com/in/steenwijk/en
,https://nl.linkedin.com/in/aleksei-dubok-b605803b
,https://nl.linkedin.com/in/chris-semeler-613265167
,https://nl.linkedin.com/in/kaisla-i-89b77b225
,https://nl.linkedin.com/in/mahdi-nikbakht-fini
,https://nl.linkedin.com/in/carlota-prieto-feldmann-7a4875225
,https://nl.linkedin.com/in/stavros-orfanoudakis
,https://nl.linkedin.com/in/jos-vranken-91b63387
,https://nl.linkedin.com/in/atanas-pentchev-51862b20
,https://nl.linkedin.com/in/yoana-petrova-ba65bb14b
,https://nl.linkedin.com/in/aneliakurteva
,https://nl.linkedin.com/in/christina-zymaris
,https://nl.linkedin.com/in/abhishek-kanyal-31793922b
,https://nl.linkedin.com/in/neeraj-kumar-91535261
,https://nl.linkedin.com/in/%E6%A2%A6%E5%88%A9-%E5%AD%99-41168b253
,https://nl.linkedin.com/in/neerajknair
,https://nl.linkedin.com/in/abhishek-nagabhushan-11b492129
,https://nl.linkedin.com/in/wazir-s-28a180112
,https://nl.linkedin.com/in/thimdielissen
,https://nl.linkedin.com/in/ra%C3%BAl-jes%C3%BAs-ben%C3%ADtez-osorio-3866751a8/en
,https://nl.linkedin.com/in/erikolink
,https://nl.linkedin.com/in/carmen-venema-498071194
,https://nl.linkedin.com/in/hollymckendry
,https://nl.linkedin.com/in/alberto-ferriolo-082892118
,https://nl.linkedin.com/in/henkkok
,https://nl.linkedin.com/in/aleksandra-vakovska
,https://nl.linkedin.com/in/vanessa-gerbrandy
,https://nl.linkedin.com/in/ronald-bos-6b69b3146
,https://nl.linkedin.com/in/stephanie-veenstra-31099993
,https://nl.linkedin.com/in/johhil
,https://nl.linkedin.com/in/johanna-g%C3%A4rtner-703b75171
,https://nl.linkedin.com/in/iris-bleichrodt-77477a1b9
,https://nl.linkedin.com/in/jesse-marlet-48ba4921b
,https://nl.linkedin.com/in/steffen-friedrichs
,https://nl.linkedin.com/in/vladtabus
,https://nl.linkedin.com/in/catarina-ribeiro-ba99a8168
,https://nl.linkedin.com/in/konstantin-iakovlev-82b608141
,https://nl.linkedin.com/in/trinelindstrom
,https://nl.linkedin.com/in/jasperbouwmeester
,https://nl.linkedin.com/in/radheshk
,https://nl.linkedin.com/in/stick-to-roots-906a84203
,https://nl.linkedin.com/in/mayankrahul
,https://nl.linkedin.com/in/thennali-malayali-6565a1243
,https://nl.linkedin.com/in/joe-joseph-babu
,https://nl.linkedin.com/in/girish-nair-586945134
,https://nl.linkedin.com/in/mohsinamansoori
,https://nl.linkedin.com/in/nielsgl
,https://nl.linkedin.com/in/nina-straathof-a748406a/en
,https://nl.linkedin.com/in/aravindh-swaminathan-2b2315110
,https://nl.linkedin.com/in/pieter-dahmen-a309531b7
,https://nl.linkedin.com/in/jari-van-der-stok
,https://nl.linkedin.com/in/pieterjanvanherel
,https://nl.linkedin.com/in/polina-chetkova-b894971a2
,https://nl.linkedin.com/in/linda-%C3%A5berg-a562aa91
,https://nl.linkedin.com/in/aino-soro
,https://nl.linkedin.com/in/ben-te-lintelo-56b71a14
,https://nl.linkedin.com/in/sarah-kew
,https://nl.linkedin.com/in/marloes-vette-192b24102
,https://nl.linkedin.com/in/tihomirkenarov
,https://nl.linkedin.com/in/archana-santosh
,https://nl.linkedin.com/in/visakh-v-s-pillai-aa04b3101
,https://nl.linkedin.com/in/sahana-sarkar
,https://nl.linkedin.com/in/rahul-raj-230abaab
,https://nl.linkedin.com/in/babu-varghese-08877854
,https://nl.linkedin.com/in/siddhant-s-shetty-27482b136
,https://nl.linkedin.com/in/steffin-john-eapen
,https://nl.linkedin.com/in/remya-rajan-nair-223a1a1b3
,https://nl.linkedin.com/in/fred-atoneche-40708a73
,https://nl.linkedin.com/in/lijuntraju
,https://nl.linkedin.com/in/hamid-gadirov-a17b26175
,https://nl.linkedin.com/in/ravilinkedin
,https://nl.linkedin.com/in/haripriya-v-85018b22
,https://nl.linkedin.com/in/edward-k-shepherd-58793421a
,https://nl.linkedin.com/in/marinus-van-den-eeden-48975318
,https://nl.linkedin.com/in/sruthy-vijayan-44a785b6
,https://nl.linkedin.com/in/matteo-lodde-31796725b
,https://nl.linkedin.com/in/geethu-paulose-32a40586
,https://nl.linkedin.com/in/avinash-lekshman-9721a74
,https://nl.linkedin.com/in/dr-sandeep-k-66141323b
,https://nl.linkedin.com/in/arnekiel
,https://nl.linkedin.com/in/vishnu-radhakrishnan-a654b735
,https://nl.linkedin.com/in/devikabs
,https://nl.linkedin.com/in/jithu-paul-56404986
,https://nl.linkedin.com/in/bharath-kumar-sridharan-44241b120
,https://nl.linkedin.com/in/anujavijayan
,https://nl.linkedin.com/in/erna-van-wilsem-8b48a43
,https://nl.linkedin.com/in/athul-prem
,https://nl.linkedin.com/in/motherammanaswini
,https://nl.linkedin.com/in/javad-parsa-78507497
,https://nl.linkedin.com/in/angela-mary-thomas-4a2bb220
,https://nl.linkedin.com/in/rammohan-v-r-a3b76b50
,https://nl.linkedin.com/in/jenne-cramer
,https://nl.linkedin.com/in/jonathan-koutstaal-631344236
,https://nl.linkedin.com/in/yuvashri
,https://nl.linkedin.com/in/jeroenbraam
,https://nl.linkedin.com/in/duco-hokke
,https://nl.linkedin.com/in/tianhao-chen-02889a121
,https://nl.linkedin.com/in/jeroen-kerner-76329111b
,https://nl.linkedin.com/in/peter-wijnands-a350b540
,https://nl.linkedin.com/in/adelina-potrymay
,https://nl.linkedin.com/in/brent-van-der-wielen
,https://nl.linkedin.com/in/tiny-bonekamp-b8163b187
,https://nl.linkedin.com/in/antoinette-wigman-kamp-328ba6174
,https://nl.linkedin.com/in/george-petkov-361b5132
,https://nl.linkedin.com/in/micha-rijkenberg-0746ba112
,https://nl.linkedin.com/in/bart-verberne-4ab9b765
,https://nl.linkedin.com/in/wtaskin
,https://nl.linkedin.com/in/anne-smeenk-65496ba9
,https://nl.linkedin.com/in/matthijs-odding-4165a6244
,https://nl.linkedin.com/in/marnixackermans
,https://nl.linkedin.com/in/nevena-ivanova-2876a750
,https://nl.linkedin.com/in/lucien-kroon-b56b305
,https://nl.linkedin.com/in/shenila-s-19b96129/ko
,https://nl.linkedin.com/in/xanthe-vermeiden-bb631916a
,https://nl.linkedin.com/in/anuragarch
,https://nl.linkedin.com/in/esin-ahmed-a0bbba179
,https://nl.linkedin.com/in/ivan-stanoyski-052599151
,https://nl.linkedin.com/in/harishnath-v-3190bb11a
,https://nl.linkedin.com/in/ravishankaran-s-07b712148
,https://nl.linkedin.com/in/madalina-florean-192b7032
,https://nl.linkedin.com/in/agnik-kotakonda-4428851b2
,https://nl.linkedin.com/in/julesvanwijck/nl
,https://nl.linkedin.com/in/pgdaniec
,https://nl.linkedin.com/in/stayko-tzenov-44547267
,https://nl.linkedin.com/in/ramon-ernst-151aa0
,https://nl.linkedin.com/in/wilcoboode
,https://nl.linkedin.com/in/beth-britton
,https://nl.linkedin.com/in/andrey-kurtev-56324a114
,https://nl.linkedin.com/in/jim-clarke-0bb6a15
,https://nl.linkedin.com/in/maurice-crijns-49178417
,https://nl.linkedin.com/in/sebastianvangroesen
,https://nl.linkedin.com/in/felipe-a-carboni-munoz
,https://nl.linkedin.com/in/emily-van-vught
,https://nl.linkedin.com/in/stein-mandjes-275655181
,https://nl.linkedin.com/in/ewa-bednarczyk
,https://nl.linkedin.com/in/teis-mandjes-9a8a18231
,https://nl.linkedin.com/in/jean-pierre-piereij-92850798
,https://nl.linkedin.com/in/nick-lengkeek-44a01710
,https://nl.linkedin.com/in/bgrashuis
,https://nl.linkedin.com/in/alessandro-salo-755928218
,https://nl.linkedin.com/in/roeland-van-wijk-a8158a3a
,https://nl.linkedin.com/in/vilja-manninen-23771b233
,https://nl.linkedin.com/in/vlad-cojocaru-412a46b5
,https://nl.linkedin.com/in/tautvydas-kubilius
,https://nl.linkedin.com/in/vasanth-mohan
,https://nl.linkedin.com/in/inkeri-lipasti-808419207
,https://nl.linkedin.com/in/salom%C3%A9-ida-cohen-b54082227
,https://nl.linkedin.com/in/pol-van-nijnatten-ab6ba4236/en
,https://nl.linkedin.com/in/felipe-calmon-4141b9141
,https://nl.linkedin.com/in/jo%C3%A3o-wendrich-teixeira-841ba5233
,https://nl.linkedin.com/in/sjoerdvannies/en
,https://nl.linkedin.com/in/mendy-van-der-vliet-510395a7
,https://nl.linkedin.com/in/martin-scherpenhuizen-95b391220
,https://nl.linkedin.com/in/derk-pik-2298451a
,https://nl.linkedin.com/in/janaya-malone-976403267
,https://nl.linkedin.com/in/lucia-terzuolo-332885205
,https://nl.linkedin.com/in/nusch-mortazavi
,https://nl.linkedin.com/in/priscilla-sleebos-57b361182
,https://nl.linkedin.com/in/matteo-ferrari-398598151
,https://nl.linkedin.com/in/nicfjhendriks
,https://nl.linkedin.com/in/peterbjornx
,https://nl.linkedin.com/in/erythrina-stavila-6346957b
,https://nl.linkedin.com/in/andre-middelkamp-673966158
,https://nl.linkedin.com/in/dione-zijp-8b2aa7192
,https://nl.linkedin.com/in/ijze-de-roon-09a054208
,https://nl.linkedin.com/in/dorinevanoene
,https://nl.linkedin.com/in/johan-reuvers-8a033446
,https://nl.linkedin.com/in/jelmer-mulder-uva/nl
,https://nl.linkedin.com/in/joakim-jansson-06751116
,https://nl.linkedin.com/in/jonas-van-elburg-34708a215
,https://nl.linkedin.com/in/david-kramer-531a7795
,https://nl.linkedin.com/in/ruud-bos-529299156
,https://nl.linkedin.com/in/miriam-s-2a262a127
,https://nl.linkedin.com/in/quinibert-de-rooij-683b3110
,https://nl.linkedin.com/in/javad-gharehdaghy-84b8ab98
,https://nl.linkedin.com/in/georgi-ginev-a442834
,https://nl.linkedin.com/in/sdjordjevic
,https://nl.linkedin.com/in/surajitde/nl-nl
,https://nl.linkedin.com/in/wida-arian-290b4297/en
,https://nl.linkedin.com/in/eva-van-beek
,https://nl.linkedin.com/in/marina-ihle-650b701b7
,https://nl.linkedin.com/in/marina-ihle-650b701b7/de-de
,https://nl.linkedin.com/in/dirkpelt
,https://nl.linkedin.com/in/georgi-iotov-8267b71b2
,https://nl.linkedin.com/in/namrata-pillai-6667b361
,https://nl.linkedin.com/in/dhivya-srinivasan30
,https://nl.linkedin.com/in/lopamudrarath
,https://nl.linkedin.com/in/asta-malinen-b2790a12
,https://nl.linkedin.com/in/c%C3%A9line-besse-a1b5261a3/fr
,https://nl.linkedin.com/in/c%C3%A9line-besse-a1b5261a3
,https://nl.linkedin.com/in/soumya-ranjan-pradhan98
,https://nl.linkedin.com/in/kumar-abinash-mishra-6570a015a
,https://nl.linkedin.com/in/om-prakash-behera-80735b72
,https://nl.linkedin.com/in/pranav-mohanty-714a37ba
,https://nl.linkedin.com/in/swainarpit
,https://nl.linkedin.com/in/adriaan-spaander-a53693123
,https://nl.linkedin.com/in/mathijs-roij%C3%A9-24568631
,https://nl.linkedin.com/in/math-jennekens-a6200810
,https://nl.linkedin.com/in/laura-v-kuyck
,https://nl.linkedin.com/in/marlenesoderblom
,https://nl.linkedin.com/in/ktamminga
,https://nl.linkedin.com/in/claus-granzow-679874140
,https://nl.linkedin.com/in/bobby-popova-aa015647
,https://nl.linkedin.com/in/tisya-barman-5510501b5
,https://nl.linkedin.com/in/ayushee-jaiswal-baa653190
,https://nl.linkedin.com/in/charu-sharma-a989b11b3
,https://nl.linkedin.com/in/timothy-drewett-9aa362107
,https://nl.linkedin.com/in/nicolae-lazar-ab266318
,https://nl.linkedin.com/in/barbara-noordanus-82842927
,https://nl.linkedin.com/in/jeffrey-holman-b1b936252
,https://nl.linkedin.com/in/niyasto
,https://nl.linkedin.com/in/mykytavoronov
,https://nl.linkedin.com/in/ivan-bashliev-435888226
,https://nl.linkedin.com/in/steve-jobs-685404146
,https://nl.linkedin.com/in/mike-daas-01798212a
,https://nl.linkedin.com/in/josha-box-60488b104
,https://nl.linkedin.com/in/shashishm8
,https://nl.linkedin.com/in/chinmay-rao
,https://nl.linkedin.com/in/satadal-dutta
,https://nl.linkedin.com/in/meenakshi-verma-549937a4
,https://nl.linkedin.com/in/aswathy-v-menon-23905354
,https://nl.linkedin.com/in/arijit-misra
,https://nl.linkedin.com/in/tarunrohra1
,https://nl.linkedin.com/in/ravi-tewari-86897412
,https://nl.linkedin.com/in/alice-tenaguillo-0696b83a
,https://nl.linkedin.com/in/joep-roggekamp-85991364
,https://nl.linkedin.com/in/frankzaayer
,https://nl.linkedin.com/in/mira-mansikkam%C3%A4ki-5024622
,https://nl.linkedin.com/in/youpvanasperen
,https://nl.linkedin.com/in/ali-rajabi-12015111b
,https://nl.linkedin.com/in/bzatrok
,https://nl.linkedin.com/in/roosalahdeviiki
,https://nl.linkedin.com/in/jmelcr
,https://nl.linkedin.com/in/megan-horsthuis
,https://nl.linkedin.com/in/lenny-klein-9043b9150
,https://nl.linkedin.com/in/rodrigo-sd
,https://nl.linkedin.com/in/ren%C3%A9-kleijnen-63565119
,https://nl.linkedin.com/in/emily-miller-4489826
,https://nl.linkedin.com/in/okanarchuk
,https://nl.linkedin.com/in/marc-sprokel-a5423a7
,https://nl.linkedin.com/in/benon-fuertes-03557333
,https://nl.linkedin.com/in/carlijnoomen
,https://nl.linkedin.com/in/eslammahmoud10
,https://nl.linkedin.com/in/ivana-stoyanova-6313301b2
,https://nl.linkedin.com/in/dimitar-dimitrov-georgiev
,https://nl.linkedin.com/in/bhagyashri-patil-008561179
,https://nl.linkedin.com/in/jesseharte/en
,https://nl.linkedin.com/in/jouri-gosen-5249b9159
,https://nl.linkedin.com/in/wim-schols-2407a499
,https://nl.linkedin.com/in/maureen-hylkema
,https://nl.linkedin.com/in/%C3%BAna-parkinson-416194174
,https://nl.linkedin.com/in/gerbert-bakker-4541774
,https://nl.linkedin.com/in/cathymcgee
,https://nl.linkedin.com/in/drlianneniehaus
,https://nl.linkedin.com/in/pieter-andr%C3%A9-de-la-porte-a66890166
,https://nl.linkedin.com/in/peter-pijl-833878160
,https://nl.linkedin.com/in/edward-arden-155a821b6
,https://nl.linkedin.com/in/aarathimakkada
,https://nl.linkedin.com/in/joost-smits-2738383
,https://nl.linkedin.com/in/emrah-emino%C4%9Flu-36373218
,https://nl.linkedin.com/in/willem-jan-huisman-b2a0674
,https://nl.linkedin.com/in/geralddicker
,https://nl.linkedin.com/in/nina-chen-681a06199
,https://nl.linkedin.com/in/gehak
,https://nl.linkedin.com/in/peterberkvens
,https://nl.linkedin.com/in/liam-anderson-135998179
,https://nl.linkedin.com/in/bartelmeijers
,https://nl.linkedin.com/in/frank-smulders-2464851a0
,https://nl.linkedin.com/in/sergey-khandogin/nl
,https://nl.linkedin.com/in/dave-breen-67510028
,https://nl.linkedin.com/in/michiel-teunissen-55aa3a83
,https://nl.linkedin.com/in/wil-snijders-77174019
,https://nl.linkedin.com/in/timo-vinke-7357481b6
,https://nl.linkedin.com/in/gabriela-mincheva-6b8673217
,https://nl.linkedin.com/in/teodora-milkova-a66816235
,https://nl.linkedin.com/in/kolyo-marinov-3b549b14a
,https://nl.linkedin.com/in/husam-lahm
,https://nl.linkedin.com/in/shweta-mehtre
,https://nl.linkedin.com/in/priyanka-ladwa-09276b171
,https://nl.linkedin.com/in/sagar-joshi-408b6928
,https://nl.linkedin.com/in/david-masson-3558b3a2
,https://nl.linkedin.com/in/dinesh-lappathy
,https://nl.linkedin.com/in/barathi-krishnamoorthy
,https://nl.linkedin.com/in/taylor-magielse-ba95b4160
,https://nl.linkedin.com/in/i-kauppila
,https://nl.linkedin.com/in/bram-kuijsters-89b881158
,https://nl.linkedin.com/in/pieter-van-kuijk-ba0717235
,https://nl.linkedin.com/in/enny-birnie
,https://nl.linkedin.com/in/jeffreyvandruten
,https://nl.linkedin.com/in/tom-wijtenburg-31715555
,https://nl.linkedin.com/in/thijs-boorsma-9b756b178
,https://nl.linkedin.com/in/ivo-yordanov-b39135254
,https://nl.linkedin.com/in/valerie-ran-664a23224
,https://nl.linkedin.com/in/tjitteverbeek
,https://nl.linkedin.com/in/sandeepa-dp-58a9b9121
,https://nl.linkedin.com/in/melvinmontizaan/en
,https://nl.linkedin.com/in/merelhuizing
,https://nl.linkedin.com/in/merel-de-greef-888254138
,https://nl.linkedin.com/in/elham-pakideh-28501b135
,https://nl.linkedin.com/in/elkedevocht
,https://nl.linkedin.com/in/jelle-van-der-leer-98774a152
,https://nl.linkedin.com/in/marc-bouma-551912203
,https://nl.linkedin.com/in/ran-zhang-018734240
,https://nl.linkedin.com/in/nikolay-petrov-b6054079
,https://nl.linkedin.com/in/olulumotz-04b783117
,https://nl.linkedin.com/in/luuk-dubbeld-b70a93170
,https://nl.linkedin.com/in/donnie-cameron-b76bbb63
,https://nl.linkedin.com/in/alexander-neprokin-7b9b43109/ru
,https://nl.linkedin.com/in/manugvm
,https://nl.linkedin.com/in/alexander-neprokin-7b9b43109
,https://nl.linkedin.com/in/mahantesh-gull-b016ab103
,https://nl.linkedin.com/in/jorijnlamberink
,https://nl.linkedin.com/in/sampathvenkatesh
,https://nl.linkedin.com/in/surekha-barkur
,https://nl.linkedin.com/in/neha-kapoor-550b016
,https://nl.linkedin.com/in/manisha-lamichhane-b756b9235
,https://nl.linkedin.com/in/kian-meng-t-a02956201
,https://nl.linkedin.com/in/roopali-khurana-981a66102
,https://nl.linkedin.com/in/kishor-gavali-3959342b
,https://nl.linkedin.com/in/prakriti-kandel-03aa2bb6
,https://nl.linkedin.com/in/janna-pummill-48b61368/de
,https://nl.linkedin.com/in/jeaninedaems
,https://nl.linkedin.com/in/andrea-r-gammon-3451a222
,https://nl.linkedin.com/in/taichiochi/es
,https://nl.linkedin.com/in/ian-cpy
,https://nl.linkedin.com/in/jamesheyman
,https://nl.linkedin.com/in/michael-cacciapaglia
,https://nl.linkedin.com/in/veroniquederooij
,https://nl.linkedin.com/in/chanjoan/en
,https://nl.linkedin.com/in/noah-bosman-8a6b641b5
,https://nl.linkedin.com/in/math-verstraelen-962a883
,https://nl.linkedin.com/in/angela-van-as-197b62157
,https://nl.linkedin.com/in/silky-rathod-55b37110b
,https://nl.linkedin.com/in/steven-boekema-24058141
,https://nl.linkedin.com/in/saumitra-athlekar
,https://nl.linkedin.com/in/joost-de-bont-9b118141
,https://nl.linkedin.com/in/gerd-jan-lortzer-2474017
,https://nl.linkedin.com/in/tharun-kumaar
,https://nl.linkedin.com/in/rahulkumarpmp
,https://nl.linkedin.com/in/agupta-9
,https://nl.linkedin.com/in/akhilchhibber
,https://nl.linkedin.com/in/gopal-singh-78377077
,https://nl.linkedin.com/in/shweta-aggarwal-a0747b17a
,https://nl.linkedin.com/in/slahkar
,https://nl.linkedin.com/in/tarun-ravi-62a562206
,https://nl.linkedin.com/in/annejans-faber-4959a115
,https://nl.linkedin.com/in/denise-arts-698699a8/nl
,https://nl.linkedin.com/in/petya-chausheva-25326131
,https://nl.linkedin.com/in/roel-van-leeuwen-15378a46
,https://nl.linkedin.com/in/kareljan-schoutens-39b30849
,https://nl.linkedin.com/in/anuradha-barik-44121016a
,https://nl.linkedin.com/in/rajasmita-goswami-23a65618
,https://nl.linkedin.com/in/sohini-mallick
,https://nl.linkedin.com/in/smitacarson
,https://nl.linkedin.com/in/swapnil-shekhar-41546744
,https://nl.linkedin.com/in/anmol-aggarwal
,https://nl.linkedin.com/in/prateekdiwan
,https://nl.linkedin.com/in/vinayvmahajan
,https://nl.linkedin.com/in/saurabhkarwal
,https://nl.linkedin.com/in/gleb-krivosheev/en
,https://nl.linkedin.com/in/amit-awasthi
,https://nl.linkedin.com/in/aakash-makhija
,https://nl.linkedin.com/in/murali-krishnan-kalyankumar-231a50181
,https://nl.linkedin.com/in/swapnilpathak7
,https://nl.linkedin.com/in/chiraggosain
,https://nl.linkedin.com/in/sanchi-munjal-79007031
,https://nl.linkedin.com/in/deepak-shetty-1a280819
,https://nl.linkedin.com/in/marlize-van-breugel-281501aa/en
,https://nl.linkedin.com/in/shiladitya-banerjee-0746b31b6
,https://nl.linkedin.com/in/j-a-mathew
,https://nl.linkedin.com/in/mahima2696
,https://nl.linkedin.com/in/priyankarajput21
,https://nl.linkedin.com/in/priyal-gangurde-15b466133
,https://nl.linkedin.com/in/shreyasakulkarni
,https://nl.linkedin.com/in/studygroupeu
,https://nl.linkedin.com/in/shabina-joemmanbaks-4b654456
,https://nl.linkedin.com/in/atkinstony
,https://nl.linkedin.com/in/chaitanya-krishna-ande-3962617
,https://nl.linkedin.com/in/wenbo-sun-8a355135
,https://nl.linkedin.com/in/david-naysmith-125a5123
,https://nl.linkedin.com/in/froukjewiendels
,https://nl.linkedin.com/in/dipro-mondal-96a85298
,https://nl.linkedin.com/in/walfredo-fagundes-789a6ab0/en
,https://nl.linkedin.com/in/sneha-biswas-72475a169
,https://nl.linkedin.com/in/dibakardeb
,https://nl.linkedin.com/in/roymk
,https://nl.linkedin.com/in/rupadeb
,https://nl.linkedin.com/in/swarnendu-banerjee-bb384475
,https://nl.linkedin.com/in/sumender-singh
,https://nl.linkedin.com/in/siddhantsoni
,https://nl.linkedin.com/in/gargi-pravin-kubde-22a3361aa
,https://nl.linkedin.com/in/ceosorniomartinez
,https://nl.linkedin.com/in/hvandestadt
,https://nl.linkedin.com/in/fernando-innocenzi-86b2ba245
,https://nl.linkedin.com/in/mariia-zakharova-34a26b8b
,https://nl.linkedin.com/in/erwinamesz
,https://nl.linkedin.com/in/shaveen-rajkumar
,https://nl.linkedin.com/in/giacomo-lucangeli-830001226/es
,https://nl.linkedin.com/in/yuri-bolotov
,https://nl.linkedin.com/in/aniel-djasai-b7139183
,https://nl.linkedin.com/in/maurice-van-bussel-02248512a
,https://nl.linkedin.com/in/elshapanjaitan
,https://nl.linkedin.com/in/igor-diachuk
,https://nl.linkedin.com/in/edison-salazar-047592124
,https://nl.linkedin.com/in/pieter-van-bentum-b07715217
,https://nl.linkedin.com/in/mpanin
,https://nl.linkedin.com/in/flavie-denelle/fr-fr
,https://nl.linkedin.com/in/tia-jain-8a62a8259
,https://nl.linkedin.com/in/quintijn-kat-36659195
,https://nl.linkedin.com/in/inavaneisden/en
,https://nl.linkedin.com/in/devanshi-shah-
,https://nl.linkedin.com/in/sschyck
,https://nl.linkedin.com/in/arthur-christianen-138948127
,https://nl.linkedin.com/in/shefali-bharati-98a46b156
,https://nl.linkedin.com/in/chandrikavjoshi
,https://nl.linkedin.com/in/kaushiksahil
,https://nl.linkedin.com/in/palak-agrawal-0561a51b1
,https://nl.linkedin.com/in/jasmine-tomar-phd-smba-0760bb88
,https://nl.linkedin.com/in/raghav-tiwari-a587b123b
,https://nl.linkedin.com/in/samarprit
,https://nl.linkedin.com/in/neeraj-sharma-752bb316b
,https://nl.linkedin.com/in/nandini-muthusubramanian-32142227
,https://nl.linkedin.com/in/vishnushankarr
,https://nl.linkedin.com/in/arpit-chachra-ab6732113
,https://nl.linkedin.com/in/ramyapillarisetti
,https://nl.linkedin.com/in/krismannath
,https://nl.linkedin.com/in/smarjeet-sharma
,https://nl.linkedin.com/in/siddharth-kalra/nl
,https://nl.linkedin.com/in/rikvanreijsen/en
,https://nl.linkedin.com/in/prasanjit-s-paul-7133bb188
,https://nl.linkedin.com/in/geoffreymichaelward
,https://nl.linkedin.com/in/mayank-pandey-79b81a47
,https://nl.linkedin.com/in/shashank-srinivasa-0a617075
,https://nl.linkedin.com/in/shajan-jacob-9a162b141
,https://nl.linkedin.com/in/rkshanmugam
,https://nl.linkedin.com/in/laurakwak
,https://nl.linkedin.com/in/brinda-rajendran
,https://nl.linkedin.com/in/ashwini-kumar-india
,https://nl.linkedin.com/in/botterman
,https://nl.linkedin.com/in/sahjeet-menon
,https://nl.linkedin.com/in/ramyasrisonica
,https://nl.linkedin.com/in/yulia-kapitsa-8a303419a
,https://nl.linkedin.com/in/bianca-baiatu-4182b2267
,https://nl.linkedin.com/in/chandana-grenier-5079831a3
,https://nl.linkedin.com/in/seyhaddad
,https://nl.linkedin.com/in/nathan-k-7b612a195
,https://nl.linkedin.com/in/carolyn-guggenb%C3%BChl
,https://nl.linkedin.com/in/sangeetha-e-62374040
,https://nl.linkedin.com/in/ishouvik
,https://nl.linkedin.com/in/carolien-feenstra-575253199/en
,https://nl.linkedin.com/in/prasad-gonugunta-phd-b50925113
,https://nl.linkedin.com/in/venkata-ramana-ravirala-441a3240
,https://nl.linkedin.com/in/carlos-ochoa-a-4433555a
,https://nl.linkedin.com/in/animesh-gautam-20a407103
,https://nl.linkedin.com/in/rahul-subburaj-6013aa42
,https://nl.linkedin.com/in/aswathy-suresh-babu-lakshmy-95b577136
,https://nl.linkedin.com/in/junaid-qazi-8454331b0
,https://nl.linkedin.com/in/kanishk-ali-khanna
,https://nl.linkedin.com/in/sevincakdere
,https://nl.linkedin.com/in/suzeva
,https://nl.linkedin.com/in/aarjavkhanna
,https://nl.linkedin.com/in/swatiarora07
,https://nl.linkedin.com/in/max-bauer-6356a3213/fr
,https://nl.linkedin.com/in/sarahqiao
,https://nl.linkedin.com/in/hashim-khalid-004325224
,https://nl.linkedin.com/in/azar-koulibaly-15a8277
,https://nl.linkedin.com/in/kellyregalado/en
,https://nl.linkedin.com/in/karan-mengi-8a572243
,https://nl.linkedin.com/in/orlando-jousset-369718198
,https://nl.linkedin.com/in/gijsoostendorp
,https://nl.linkedin.com/in/jeldijk
,https://nl.linkedin.com/in/antonio-banderas-583034205
,https://nl.linkedin.com/in/brandondcosta
,https://nl.linkedin.com/in/jeroen-van-engelen-4815492a
,https://nl.linkedin.com/in/dave-van-voorst-11a8623
,https://nl.linkedin.com/in/rajesh-khanna-94bb0055
,https://nl.linkedin.com/in/jamshed-hamidi-288355149
,https://nl.linkedin.com/in/henk-van-houten-a0623b13
,https://nl.linkedin.com/in/future-goals-5b605a235
,https://nl.linkedin.com/in/kristhell-lopez
,https://nl.linkedin.com/in/shashank-prabhu-a6818b227
,https://nl.linkedin.com/in/bradley-snyder-7a215046
,https://nl.linkedin.com/in/ujvalbucha
,https://nl.linkedin.com/in/bertvanmeurs
,https://nl.linkedin.com/in/rohitkanungo
,https://nl.linkedin.com/in/komalagarwal09
,https://nl.linkedin.com/in/shilpam-chandra-6b2b8a26
,https://nl.linkedin.com/in/mcmartina
,https://nl.linkedin.com/in/maria-mulder-karadimou-mba-b384892
,https://nl.linkedin.com/in/ayushi-jain-07b2759b
,https://nl.linkedin.com/in/mike-gill-2733b031
,https://nl.linkedin.com/in/rolf-olivas-gadberry-009139151
,https://nl.linkedin.com/in/margriet-silvertant-090ba63
,https://nl.linkedin.com/in/jeremy-van-der-heijden-b879b581
,https://nl.linkedin.com/in/mathis-mourey-189640153
,https://nl.linkedin.com/in/nico-karssemeijer-34685590
,https://nl.linkedin.com/in/kanchan-chichghare-005b39149
,https://nl.linkedin.com/in/mks96
,https://nl.linkedin.com/in/piyush-sharda-52b80711b
,https://nl.linkedin.com/in/ridhi-jain-6953211a7
,https://nl.linkedin.com/in/laxmikantradkar
,https://nl.linkedin.com/in/aykut-da%C4%9Fk%C4%B1ran-501bb6141
,https://nl.linkedin.com/in/srikar-narayan-rai-k-110010222
,https://nl.linkedin.com/in/raghasharma
,https://nl.linkedin.com/in/suyog-rathore-82794014a
,https://nl.linkedin.com/in/choudharydipendra1993
,https://nl.linkedin.com/in/k-srikar-n-110010222
,https://nl.linkedin.com/in/ad-van-kessel-03b19526
,https://nl.linkedin.com/in/imvsagar
,https://nl.linkedin.com/in/swayandiptadey
,https://nl.linkedin.com/in/kumarshashank0
,https://nl.linkedin.com/in/matiyau
,https://nl.linkedin.com/in/ravi-tej-g-918bb481
,https://nl.linkedin.com/in/shobhit-jain-599aa514
,https://nl.linkedin.com/in/athussien
,https://nl.linkedin.com/in/krithika-verma-fiai-b273b816
,https://nl.linkedin.com/in/anwar-ahmad-64b970206
,https://nl.linkedin.com/in/mayank-kumar-gupta
,https://nl.linkedin.com/in/andrewprashanth
,https://nl.linkedin.com/in/rachel-jacob-tharakan
,https://nl.linkedin.com/in/ashish-dhiman-510294b2
,https://nl.linkedin.com/in/preeti-joon-a3aa3837
,https://nl.linkedin.com/in/raghav-dutta-95128b1b6
,https://nl.linkedin.com/in/lakshmananayyappan
,https://nl.linkedin.com/in/shweta-singh-477415276
,https://nl.linkedin.com/in/sarita-sharma-505667122
,https://nl.linkedin.com/in/deepshikha-sharma-042209164
,https://nl.linkedin.com/in/divyam-jain99
,https://nl.linkedin.com/in/arkosnatoneogy1987
,https://nl.linkedin.com/in/anurag-bishnoi-2a89aa72
,https://nl.linkedin.com/in/abhinav-srivastava-7ba55716
,https://nl.linkedin.com/in/prashant-kumar-190190
,https://nl.linkedin.com/in/arnab-dutta28
,https://nl.linkedin.com/in/romir-kulshrestha
,https://nl.linkedin.com/in/adhyanthgiriajay
,https://nl.linkedin.com/in/siddhantphy
,https://nl.linkedin.com/in/maitrayee-saha
,https://nl.linkedin.com/in/arjunwadhawan
,https://nl.linkedin.com/in/arghyanir-giri1109
,https://nl.linkedin.com/in/nkhossossi
,https://nl.linkedin.com/in/titas-das-a3a809148
,https://nl.linkedin.com/in/priyalakshmi9
,https://nl.linkedin.com/in/aparajitanath
,https://nl.linkedin.com/in/mandarchandorkar
,https://nl.linkedin.com/in/srinivas-devasani-aa937613
,https://nl.linkedin.com/in/sowjanya-kandadai-62ab45129
,https://nl.linkedin.com/in/shashank-kumar-srivastava
,https://nl.linkedin.com/in/frank-verra-3981a6281
,https://nl.linkedin.com/in/sssinghshikha8
,https://nl.linkedin.com/in/nataliakossowska
,https://nl.linkedin.com/in/levi-nieuwenhout-67246127a
,https://nl.linkedin.com/in/lu-su-8ab8ab136
,https://nl.linkedin.com/in/henri-kerver-646a922
,https://nl.linkedin.com/in/sarmila-dutta-a1a61a55
,https://nl.linkedin.com/in/mousumi-roy-phd-5960088
,https://nl.linkedin.com/in/anup-bhattacharjee
,https://nl.linkedin.com/in/debjani-mukherjee1
,https://nl.linkedin.com/in/soubhikdatta
,https://nl.linkedin.com/in/sagarbavarva
,https://nl.linkedin.com/in/swagata-das-897295170
,https://nl.linkedin.com/in/soumen-koley-90823b4a
,https://nl.linkedin.com/in/santoshsingh143
,https://nl.linkedin.com/in/tanmayroy
,https://nl.linkedin.com/in/sanjana-verma-40b7ab1ba
,https://nl.linkedin.com/in/dipayan-paul-a632b523
,https://nl.linkedin.com/in/soumyajit-mandal-71b7958a
,https://nl.linkedin.com/in/ganeshpwaghmare
,https://nl.linkedin.com/in/jan-willem-van-dorp-a6830014
,https://nl.linkedin.com/in/smiteshjain
,https://nl.linkedin.com/in/diksha-dixit-0893341ba
